{"accuracy": [0.6007112860679626, 0.8549968004226685], "loss": [1.3697413206100464, 0.4599834084510803], "val_accuracy": [0.7896654009819031, 0.8762235641479492], "val_loss": [0.6907433867454529, 0.38034486770629883]}